{
	"CreateCluster": true,
	"HistoryLoad": false,
	"wait_time": "300",
	"epoch1": "na",
	"epoch2": "na",
	"FileType": "all",
	"Region_Name": "us-east-2",
	"coreondemandcnt": 0,
	"corespotcnt": 2,
	"coreebssize": 128,
	"coreebsnoofvol": 2,
	"maximumcapacityunits": 2,
	"maximumcorecapacityunits": 2,
	"maximumondemandcapacityunits": 0,
	"minimumcapacityunits": 1,
	"masterebssize": 128,
	"masterebsnoofvol": 2,
	"Name": "fi-edo-6971-tpdl-prod-equifax_isi",
	"sc-tpdl": "fi-edo-6971-tpdl-prod-sec-cfg-etl-ebs-with-encryption",
	"service-unit": "PL Research and Development",
	"application-id": "ABCF-0822",
	"application-lifecycle": "Invest",
	"functionality": "Datalake",
	"environment": "Prod",
	"cost-center": "1306625",
	"system-owner": "Dana Lutz",
	"project-name": "Third Party Datalake Framework",
	"contains-pii": "N",
	"pci-requirements": "N",
	"data-classification-tier": "Internal",
	"date-created": "03/03/21",
	"target-decom": "N/A",
	"build-version": "1.00",
	"backup": "N/A",
	"monitoring": "Enabled",
	"power-cycle": "EST",
	"created-by": "Console",
	"patching": "Enabled",
	"ServiceRole": "fi-edo-6971-tpdl-prod-etl-emr-role",
	"JobFlowRole": "fi-edo-6971-tpdl-prod-etl-ec2-role",
	"AutoScalingRole": "fi-edo-6971-tpdl-prod-ec2-autoscaling-role",
	"LogEncryptionKmsKeyId": "arn:aws:kms:us-east-2:689759321266:key/7aba8d12-0420-484c-86b1-bafe6337539a",
	"LogUri": "s3://fi-edo-6971-tpdl-prod-logs/emr",
	"Args": [
		"subnet-0a7ecb59b740c6b8d",
		"subnet-0658123c7f0187219"
	],
	"EmrManagedMasterSecurityGroup": "sg-08700bd069e083f8f",
	"EmrManagedSlaveSecurityGroup": "sg-08700bd069e083f8f",
	"ServiceAccessSecurityGroup": "sg-0353262ed296c5d39",
	"KeepJobFlowAliveWhenNoSteps": true,
	"MasterInstanceType": "r5.4xlarge",
	"CoreInstanceType1": "r5.4xlarge",
	"CoreInstanceType2": "m4.4xlarge",
	"CoreInstanceType3": "m5.4xlarge",
	"releaselabel": "emr-6.5.0",
	"AmiId": "ami-07d3ee907e55626fb",
	"pyspark_python": "/usr/bin/python3",
	"TopicArn": "arn:aws:sns:us-east-2:113195256971:fi-edo-6971-tpdl-prod-sns-topic",
	"functionname": "arn:aws:lambda:us-east-2:113195256971:function:fi-edo-6971-tpdl-prod-file-validator",
	"scriptjar": "script-runner.jar",
	"config_bucket": "fi-edo-6971-tpdl-prod-config",
	"config_prefix": "config/BasePath",
	"conf_proc_bucket": "fi-edo-6971-tpdl-prod-process-confidential",
	"temp_file_size_limit": "5000",
	"subject_area": "equifax_isi",
	"TPDLMaster": {
		"FormattedInputsForEmr": {
			"Args": [{
				"Arg1": "s3://fi-edo-6971-tpdl-prod-code/emr/shell/preprocessing_tpdl.sh"
			}, {
				"Arg2": "s3://fi-edo-6971-tpdl-prod-code/emr/bin/EncryptDecryptDataXML_flex.jar"
			}, {
				"Arg3": "arn:aws:secretsmanager:us-east-2:689759321266:secret:fi-edo-tpdl-prod-secretmgr-src-113195256971-encryption-key-secret-QblGF5"
			}, {
				"Arg4": "s3://fi-edo-6971-tpdl-prod-process-internal/file-list/equifax_isi"
			}, {
				"Arg5": "s3://fi-edo-6971-tpdl-prod-process-internal/error/equifax_isi/decryption"
			}, {
				"Arg6": "s3://fi-edo-6971-tpdl-prod-process-internal/record_count/equifax_isi"
			}, {
				"Arg7": "arn:aws:kms:us-east-2:689759321266:key/5726a80f-fcea-4d95-bdf0-ed2b78e6460b"
			}, {
				"Arg8": "equifax_isi"
			}, {
				"Arg9": "tags"
			}, {
				"Arg10": "return"
			}]
		}
	},
	"custom_spark_submit_flag": true,
	"executer_numbers": "6",
	"executor_memory": "20g",
	"executor_cores": "5",
	"driver_memory": "30g",
	"TerminationProtect": false,
	"file_type": "FLEX_XML"
}