{
  "Comment": "The Step Job to process files for ThirdParty Datalake",
  "StartAt": "Lambda function to validate TPDL Files pair",
  "States": {
    "Lambda function to validate TPDL Files pair": {
      "Type": "Task",
      "ResultPath": "$.taskresult",
      "Resource": "arn:aws:states:::lambda:invoke",
      "Parameters": {
        "FunctionName.$": "$.functionname",
        "Payload": {
          "Input.$": "$"
        }
      },
      "Next": "Check_For_TPDL_File"
    },
    "Check_For_TPDL_File": {
      "Type": "Choice",
      "Choices": [
        {
          "Variable": "$.taskresult.Payload.code",
          "NumericEquals": 1,
          "Next": "Create_A_Cluster"
        },
        {
          "Variable": "$.taskresult.Payload.code",
          "NumericEquals": 2,
          "Next": "Wrapping_Up"
        }
      ],
      "Default": "Wrapping_Up"
    },
    "Create_A_Cluster": {
      "Type": "Task",
      "ResultPath": "$.CreateClusterResult",
      "Resource": "arn:aws:states:::elasticmapreduce:createCluster.sync",
      "Parameters": {
        "Name.$": "$.Name",
        "VisibleToAllUsers": true,
        "ReleaseLabel.$": "$.releaselabel",
        "SecurityConfiguration.$": "$.sc-tpdl",
        "Applications": [
          {
            "Name": "Hadoop"
          },
          {
            "Name": "Hive"
          },
          {
            "Name": "Spark"
          },
          {
            "Name": "Presto"
          }
        ],
        "Configurations": [
          {
            "Classification": "spark-env",
            "Properties": {},
            "Configurations": [
              {
                "Classification": "export",
                "Properties": {
                  "PYSPARK_PYTHON.$": "$.pyspark_python"
                }
              }
            ]
          }
        ],
        "Tags": [
          {
            "Key": "Name",
            "Value.$": "$.Name"
          },
          {
            "Key": "service-unit",
            "Value.$": "$.service-unit"
          },
          {
            "Key": "application-id",
            "Value.$": "$.application-id"
          },
          {
            "Key": "application-lifecycle",
            "Value.$": "$.application-lifecycle"
          },
          {
            "Key": "functionality",
            "Value.$": "$.functionality"
          },
          {
            "Key": "environment",
            "Value.$": "$.environment"
          },
          {
            "Key": "cost-center",
            "Value.$": "$.cost-center"
          },
          {
            "Key": "system-owner",
            "Value.$": "$.system-owner"
          },
          {
            "Key": "project-name",
            "Value.$": "$.project-name"
          },
          {
            "Key": "contains-pii",
            "Value.$": "$.contains-pii"
          },
          {
            "Key": "pci-requirements",
            "Value.$": "$.pci-requirements"
          },
          {
            "Key": "data-classification-tier",
            "Value.$": "$.data-classification-tier"
          },
          {
            "Key": "date-created",
            "Value.$": "$.date-created"
          },
          {
            "Key": "target-decom",
            "Value.$": "$.target-decom"
          },
          {
            "Key": "build-version",
            "Value.$": "$.build-version"
          },
          {
            "Key": "backup",
            "Value.$": "$.backup"
          },
          {
            "Key": "monitoring",
            "Value.$": "$.monitoring"
          },
          {
            "Key": "created-by",
            "Value.$": "$.created-by"
          },
          {
            "Key": "patching",
            "Value.$": "$.patching"
          }
        ],
        "ServiceRole.$": "$.ServiceRole",
        "StepConcurrencyLevel": 10,
        "JobFlowRole.$": "$.JobFlowRole",
        "RepoUpgradeOnBoot": "NONE",
        "CustomAmiId.$": "$.AmiId",
        "LogEncryptionKmsKeyId.$": "$.LogEncryptionKmsKeyId",
        "LogUri.$": "$.LogUri",
        "Instances": {
          "Ec2SubnetIds.$": "$.Args[*]",
          "EmrManagedMasterSecurityGroup.$": "$.EmrManagedMasterSecurityGroup",
          "EmrManagedSlaveSecurityGroup.$": "$.EmrManagedSlaveSecurityGroup",
          "ServiceAccessSecurityGroup.$": "$.ServiceAccessSecurityGroup",
          "KeepJobFlowAliveWhenNoSteps": true,
          "TerminationProtected": true,
          "InstanceFleets": [
            {
              "Name": "Masterfleet",
              "InstanceFleetType": "MASTER",
              "TargetOnDemandCapacity": 1,
              "InstanceTypeConfigs": [
                {
                  "InstanceType.$": "$.MasterInstanceType",
                  "EbsConfiguration": {
                    "EbsBlockDeviceConfigs": [
                      {
                        "VolumeSpecification": {
                          "SizeInGB.$": "$.masterebssize",
                          "VolumeType": "gp2"
                        },
                        "VolumesPerInstance.$": "$.masterebsnoofvol"
                      }
                    ]
                  }
                }
              ]
            },
            {
              "InstanceFleetType": "CORE",
              "TargetOnDemandCapacity.$": "$.coreondemandcnt",
              "TargetSpotCapacity.$": "$.corespotcnt",
              "LaunchSpecifications": {
                "OnDemandSpecification": {
                  "AllocationStrategy": "lowest-price"
                },
                "SpotSpecification": {
                  "AllocationStrategy": "capacity-optimized",
                  "TimeoutDurationMinutes": 20,
                  "TimeoutAction": "SWITCH_TO_ON_DEMAND"
                }
              },
              "InstanceTypeConfigs": [
                {
                  "InstanceType.$": "$.CoreInstanceType1",
                  "EbsConfiguration": {
                    "EbsBlockDeviceConfigs": [
                      {
                        "VolumeSpecification": {
                          "SizeInGB.$": "$.coreebssize",
                          "VolumeType": "gp2"
                        },
                        "VolumesPerInstance.$": "$.coreebsnoofvol"
                      }
                    ]
                  }
                },
                {
                  "InstanceType.$": "$.CoreInstanceType2",
                  "EbsConfiguration": {
                    "EbsBlockDeviceConfigs": [
                      {
                        "VolumeSpecification": {
                          "SizeInGB.$": "$.coreebssize",
                          "VolumeType": "gp2"
                        },
                        "VolumesPerInstance.$": "$.coreebsnoofvol"
                      }
                    ]
                  }
                },
                {
                  "InstanceType.$": "$.CoreInstanceType3",
                  "EbsConfiguration": {
                    "EbsBlockDeviceConfigs": [
                      {
                        "VolumeSpecification": {
                          "SizeInGB.$": "$.coreebssize",
                          "VolumeType": "gp2"
                        },
                        "VolumesPerInstance.$": "$.coreebsnoofvol"
                      }
                    ]
                  }
                }
              ]
            }
          ]
        }
      },
      "Catch": [
        {
          "ErrorEquals": [
            "States.ALL"
          ],
          "ResultPath": null,
          "Next": "Cluster_Launch_Failure_Notification"
        }
      ],
      "Next": "Run_Pre_Process"
    },
    "Cluster_Launch_Failure_Notification": {
      "Type": "Task",
      "InputPath": "$",
      "Resource": "arn:aws:states:::sns:publish",
      "Parameters": {
        "TopicArn.$": "$.TopicArn",
        "Message.$": "$.taskresult.Payload.cluster_failure_message",
        "Subject.$": "$.taskresult.Payload.cluster_failure_subject"
      },
      "ResultPath": null,
      "Next": "Wrapping_Up"
    },
    "Run_Pre_Process": {
      "Type": "Task",
      "Resource": "arn:aws:states:::elasticmapreduce:addStep.sync",
      "Parameters": {
        "ClusterId.$": "$.CreateClusterResult.ClusterId",
        "Step": {
          "Name": "TPDL Pre Process Step",
          "ActionOnFailure": "CONTINUE",
          "HadoopJarStep": {
            "Jar.$": "$.scriptjar",
            "Args.$": "$.taskresult.Payload.FormattedInputsForEmr.Args[*][*]"
          }
        }
      },
      "Catch": [
        {
          "ErrorEquals": [
            "States.ALL"
          ],
          "ResultPath": null,
          "Next": "Pre_Process_Failure_Notification"
        }
      ],
      "ResultPath": null,
      "Next": "Process_Third_Party_Files"
    },
    "Pre_Process_Failure_Notification": {
      "Type": "Task",
      "InputPath": "$",
      "Resource": "arn:aws:states:::sns:publish",
      "Parameters": {
        "TopicArn.$": "$.TopicArn",
        "Message.$": "$.Pre_Process_Failure_Notification_Message",
        "Subject.$": "$.Pre_Process_Failure_Notification_Subject"
      },
      "ResultPath": null,
      "Next": "Disable_Termination_Protection"
    },
    "Process_Third_Party_Files": {
      "Type": "Task",
      "InputPath": "$",
      "Resource": "arn:aws:states:::elasticmapreduce:addStep.sync",
      "Parameters": {
        "ClusterId.$": "$.CreateClusterResult.ClusterId",
        "Step": {
          "Name": "Process_Third_Party_Files",
          "ActionOnFailure": "CONTINUE",
          "HadoopJarStep": {
            "Jar": "command-runner.jar",
            "Args.$": "$.taskresult.Payload.Jobs[0].sparkInputs[*][*]"
          }
        }
      },
      "Catch": [
        {
          "ErrorEquals": [
            "States.ALL"
          ],
          "ResultPath": null,
          "Next": "Disable_Termination_Protection"
        }
      ],
      "ResultPath": null,
      "Next": "Disable_Termination_Protection"
    },
    "Disable_Termination_Protection": {
      "Type": "Task",
      "InputPath": "$",
      "Resource": "arn:aws:states:::elasticmapreduce:setClusterTerminationProtection",
      "Parameters": {
        "ClusterId.$": "$.CreateClusterResult.ClusterId",
        "TerminationProtected.$": "$.TerminationProtect"
      },
      "ResultPath": null,
      "Next": "Terminate_Cluster"
    },
    "Terminate_Cluster": {
      "Type": "Task",
      "InputPath": "$",
      "Resource": "arn:aws:states:::elasticmapreduce:terminateCluster.sync",
      "Parameters": {
        "ClusterId.$": "$.CreateClusterResult.ClusterId"
      },
      "Next": "Wrapping_Up"
    },
    "Wrapping_Up": {
      "Type": "Pass",
      "End": true
    }
  }
}